DATE_CREATED,LANGUAGE,COUNTRY,PRODUCT,CATEGORY,DAMAGE_TYPE,TRANSCRIPT
10/24/23,Español,Colombia,Xtreme X,casco,hebilla rota,"Cliente: Hola. Agente: Hola. Espero que estés teniendo un gran día. Para poder ayudarte mejor, ¿podrías proporcionarme tu nombre y apellido y la empresa desde la que llamas? Cliente: Claro, mi nombre es Jessica Turner y llamo de Mountain Ski Adventures. Agente: Gracias, Jessica. ¿En qué puedo ayudarte hoy? Cliente: Bueno, recientemente pedimos un lote de cascos XtremeX y, al inspeccionarlos, notamos que las hebillas de varios cascos están rotas y no aseguran el casco correctamente. Agente: Lamento las molestias que esto te ha causado. Para confirmar, ¿tu número de pedido es 68910? Cliente: Sí, es correcto. Agente: Gracias por confirmar. Voy a investigar este problema y ver qué podemos hacer para corregirlo. ¿Preferirías un reembolso o un reemplazo por los cascos dañados? Cliente: Un reemplazo sería ideal, ya que aún necesitamos los cascos para nuestros clientes. Agente: Entiendo. Comenzaré el proceso para enviar reemplazos para los cascos dañados lo antes posible. ¿Puede especificar la cantidad de cascos con hebillas rotas? Cliente: Hay diez cascos con hebillas rotas en total. Agente: Gracias por proporcionarme la cantidad. Agilizaremos un nuevo envío de diez cascos XtremeX con hebillas que funcionen a su ubicación. Debe esperar que lleguen dentro de 3 a 5 días hábiles. Cliente: Gracias por su ayuda, se lo agradezco. Agente: ¡De nada, Jessica! Si tiene alguna otra pregunta o inquietud, no dude en contactarnos. ¡Que tenga un excelente día!"
10/25/23,Español,Colombia,Xtreme X,casco,rayado,"Cliente: Hola. Agente: Hola. Espero que estés teniendo un buen día. Para brindarte la mayor ayuda posible, ¿podrías compartir tu nombre y apellido y la empresa desde la que llamas? Cliente: Hola, soy Emily Brown de SnowSense. Agente: Gracias, Emily. ¿Por qué me llamas hoy? Cliente: Recientemente recibimos un pedido de cascos XtremeX y algunos de ellos llegaron con rayones visibles en la superficie. Esperábamos poder reemplazarlos, ya que necesitamos que estén en perfectas condiciones para nuestros clientes. Nuestro número de pedido es 21649. Agente: Lamento escuchar eso, Emily. Entiendo que tener cascos rayados puede afectar la imagen de tu negocio. Déjame revisar los detalles de tu pedido y veré qué podemos hacer por ti. Cliente: Gracias, aprecio tu ayuda. Agente: Revisé el pedido, Emily, y podremos reemplazar todos los cascos rayados. Para agilizar este proceso, ¿podría proporcionarme el número exacto de cascos con rayones y, si es posible, sus respectivos tamaños? Cliente: Claro, tenemos 4 cascos de tamaño mediano y 3 cascos grandes con rayones. Agente: Gracias por la información, Emily. He procesado el reemplazo de esos cascos y debería recibirlos dentro de los próximos 3 a 5 días hábiles. Además, haré los arreglos para que un mensajero recoja los cascos dañados en su ubicación. Se le proporcionarán etiquetas de devolución prepagas en el nuevo envío. Cliente: Eso es genial, gracias por su ayuda. Agente: De nada, Emily. Si tiene alguna otra pregunta o inquietud, hágamelo saber. ¡Que tenga un excelente día! Cliente: ¡Tú también! Adiós. Agente: ¡Adiós, Emily! Cuídese."
10/31/23,Español,Colombia,Resistente al agua 670,chaqueta,Cremallera rota,"Cliente: Hola. Agente: Hola. Espero que estés teniendo un buen día. Para brindarte la mayor ayuda posible, ¿podrías compartir tu nombre y apellido y la empresa desde la que llamas? Cliente: Claro, soy Peter Thompson de Winter Adventure Rentals. Agente: Gracias, Peter. Dime por qué llamas hoy. Cliente: Bueno, pedimos 100 nuevas chaquetas DryProof670 para la próxima temporada de esquí y parece que la mitad de ellas tienen las cremalleras rotas. Realmente necesitamos una forma de reemplazar una cantidad tan grande de chaquetas. Agente: Entiendo que esto puede ser bastante frustrante para tu negocio. Déjame verificar qué está pasando con tu pedido. Para confirmar, ¿tu pedido es el que termina en 49863? Cliente: Sí, es correcto. Agente: Ya veo. Parece que es la primera vez que escuchamos que este modelo en particular tiene un control de calidad tan deficiente y realmente lo lamentamos. Nos gustaría corregirlo. Iniciaré el proceso para enviar un nuevo conjunto de chaquetas y organizaré la recogida de los artículos dañados con uno de nuestros camiones dentro de los próximos 7 días. ¿Estaría bien que conservara estos artículos durante este tiempo? Cliente: Sí, supongo que si esa es la única solución. ¿Habrá algún cargo para mí por esto? Agente: No, no habrá cargos ya que está dentro del período de garantía. Me disculpo por las molestias y agradezco su paciencia."
10/24/23,Español,Colombia,Resistente al agua 670,chaqueta,Cremallera rota,"Cliente: Hola. Agente: Hola. Espero que estés teniendo un buen día. Para ayudarte mejor, ¿podrías compartir tu nombre y apellido y la empresa desde la que llamas? Cliente: Claro, soy Sarah Parker de Mountain Escapes. Agente: Gracias, Sarah. ¿En qué puedo ayudarte hoy? Cliente: Hace poco pedimos 100 chaquetas DryProof670 y parece que unas 25 de ellas tienen cremalleras rotas. Me vendría bien algo de ayuda para reemplazar estas chaquetas. Agente: Entiendo que esto puede ser un problema para tu negocio. Déjame revisar tu pedido. Para confirmar, ¿tu pedido termina en 29949? Cliente: Sí, ese es el número de pedido correcto. Agente: Gracias por proporcionar el número de pedido. Lamento el inconveniente que has experimentado con las cremalleras de las chaquetas. Esto es lo que podemos hacer: enviaremos un nuevo juego de chaquetas con cremalleras que funcionen a tu ubicación sin costo adicional y también organizaremos la recogida de las chaquetas dañadas dentro de los 7 días. ¿Esta solución te funciona? Cliente: Sí, me funciona. Gracias por tu ayuda. Agente: De nada, Sarah. Nos disculpamos una vez más por las molestias y nos aseguraremos de que este problema se resuelva lo antes posible. No dudes en comunicarte con nosotros si tienes más preguntas o inquietudes. ¡Que tengas un excelente día! Cliente: ¡Gracias, adiós! Agente: ¡Adiós y que tengas un maravilloso día!"
10/24/23,Español,Colombia,Resistente al agua 670,chaqueta,Cremallera rota,"Cliente: ¡Hola! Agente: ¡Hola! Espero que estés teniendo un buen día. Para poder ayudarte mejor, ¿podrías compartir tu nombre y apellido y la empresa desde la que llamas? Cliente: Claro, soy Michael Green de SnowSolutions. Agente: ¡Gracias, Michael! ¿En qué puedo ayudarte hoy? Cliente: Recientemente pedimos varias chaquetas DryProof670 para nuestra tienda, pero cuando abrimos el paquete, notamos que la mitad de las chaquetas tienen cremalleras rotas. Necesitamos reemplazarlas rápidamente para asegurarnos de tener suficiente stock para nuestros clientes. Nuestro número de pedido es 60877. Agente: Me disculpo por las molestias, Michael. Déjame revisar tu pedido. Puede que me lleve un momento. Cliente: Gracias. Agente: Michael, he confirmado tu pedido y el daño. Afortunadamente, actualmente tenemos suficiente stock para reemplazar las chaquetas dañadas. Enviaremos las chaquetas de reemplazo de inmediato y deberían llegar dentro de 3 a 5 días hábiles. Cliente: ¡Es genial escuchar eso! ¿Cómo debemos manejar la devolución de las chaquetas dañadas? Agente: Te proporcionaremos una etiqueta de envío de devolución para que puedas enviarnos las chaquetas dañadas sin costo alguno. Coloca las chaquetas en el embalaje original o en una caja similar. Cliente: ¡Suena bien! Gracias por tu ayuda. Agente: ¡De nada, Michael! Te pedimos disculpas por las molestias y te agradecemos tu paciencia. No dudes en contactarnos si tienes más preguntas o inquietudes. ¡Que tengas un excelente día! Cliente: ¡Gracias! Tú también."
10/28/23,Español,Colombia,Resistente al agua 670,chaqueta,Cremallera rota,"Cliente: Hola. Agente: Hola. Espero que estés teniendo un buen día. Para brindarte la mayor ayuda posible, ¿podrías compartir tu nombre y apellido y la empresa desde la que llamas? Cliente: Sí, soy Jennifer Dunn de The Ski Lodge. Agente: Gracias, Jennifer. Cuéntame por qué llamas hoy. Cliente: Bueno, pedimos 80 nuevas chaquetas DryProof670 para la próxima temporada de esquí y parece que aproximadamente la mitad de ellas tienen cremalleras rotas. Necesitamos una forma de reemplazar esta gran cantidad de chaquetas. Agente: Entiendo que puede ser un gran problema para tu negocio. Déjame verificar qué está pasando con tu pedido. Para confirmar, ¿tu pedido es el que termina en 59400? Cliente: Sí, es correcto. Agente: Ya veo. Parece que es la primera vez que escuchamos que este modelo específico tiene una calidad tan mala y lo lamentamos mucho. Nos gustaría solucionar las cosas para ti. Iniciaré el proceso para enviar un nuevo conjunto de chaquetas y organizaré la recogida de los artículos dañados con uno de nuestros camiones en un plazo de 10 a 14 días. ¿Es aceptable que conserves las chaquetas dañadas hasta entonces? Cliente: Supongo que sí, si esa es la única solución. ¿Me supondrá algún coste esto? Agente: No, no tendrás ningún coste adicional. Cubriremos todos los gastos de envío y reemplazo. Una vez más, nos disculpamos por los inconvenientes que esto te ha causado y agradecemos tu comprensión. Cliente: Gracias por tu ayuda. Te lo agradezco. Agente: De nada, Jennifer. Que tengas un buen día."
10/29/23,Español,Colombia,Resistente al agua 670,chaqueta,Cremallera rota,"Cliente: Hola. Agente: Hola. Espero que estés teniendo un buen día. Para poder ayudarte mejor, ¿podrías compartir tu nombre y apellido y la empresa desde la que llamas? Cliente: Sí, soy Jake Williams de Alpine Adventure Rentals. Agente: Gracias, Jake. Cuéntame por qué llamas hoy. Cliente: Bueno, recibimos 40 chaquetas DryProof670 nuevas que pedimos para nuestra tienda de alquiler. Sin embargo, parece que aproximadamente la mitad de ellas tienen cremalleras rotas. ¿Hay alguna forma de que podamos reemplazar o reparar estas chaquetas? Agente: Entiendo que eso puede ser bastante problemático para tu negocio. Déjame ver qué está pasando con tu pedido. Para confirmar, tu pedido termina en 18851, ¿correcto? Cliente: Sí, ese es. Agente: Ya veo. Parece que es la primera vez que escuchamos que este modelo específico tiene tan mala calidad, y lo lamentamos sinceramente. Nos gustaría solucionar esto para ti. Puedo organizar el envío inmediato de un nuevo envío con chaquetas de repuesto del tamaño correcto. Además, organizaremos la recogida de las chaquetas dañadas sin coste alguno para usted. ¿Le resultaría útil? Cliente: Sería genial. Agradezco su ayuda con este problema. Agente: De nada, Jake. Nos aseguraremos de solucionarlo lo antes posible. Una vez más, le pedimos disculpas por las molestias y esperamos que siga eligiendo nuestros productos en el futuro. Que tenga un buen día."
10/25/23,Español,Colombia,Resistente al agua 670,chaqueta,Cremallera rota,"Cliente: Hola. Agente: ¡Hola! Espero que estés teniendo un gran día. Para brindarte la mayor ayuda posible, ¿podrías compartir tu nombre y apellido y la empresa desde la que llamas? Cliente: Sí, soy Sandra Thompson de The Ski Warehouse. Agente: Hola Sandra, ¿en qué puedo ayudarte hoy? Cliente: Recientemente recibimos un pedido de 100 chaquetas DryProof670 para nuestra tienda y parece que la mitad de ellas tienen cremalleras rotas. Necesitamos reemplazarlas rápidamente antes de nuestra gran venta la próxima semana. ¿Podrías ayudarme con eso? Agente: Entiendo que esto puede ser bastante problemático para tu negocio. Déjame verificar qué está pasando con tu pedido. Para confirmar, ¿tu pedido termina en 67323? Cliente: Sí, ese es. Agente: Ya veo. Parece que esta es la primera vez que escuchamos que este modelo específico tiene tan mala calidad y nos disculpamos por eso. Queremos arreglar las cosas. Comenzaré el proceso de envío de un nuevo conjunto de chaquetas con cremalleras que funcionen y organizaré la recolección de las dañadas dentro de los 7 días. ¿Estaría bien que las conserves en tu posesión durante ese tiempo? Cliente: Si es la única opción, entonces supongo que estamos de acuerdo con eso. ¿Habrá algún cargo para nosotros por esto? Agente: No, cubriremos todos los costos de envío y reemplazo. Tendrás las nuevas chaquetas con cremalleras que funcionen antes de la venta la próxima semana y, una vez que las recibas, envía de regreso las dañadas usando la etiqueta de devolución incluida. Cliente: Genial, gracias por tu ayuda. Agente: De nada, Sandra. Avísanos si hay algo más que podamos hacer por ti. ¡Que tengas un excelente día!"
10/31/23,Español,Colombia,Resistente al agua 670,chaqueta,Cremallera rota,"Cliente: Hola. Agente: Hola. Espero que estés teniendo un buen día. Para brindarte la mayor ayuda posible, ¿podrías compartir tu nombre y apellido y la empresa desde la que llamas? Cliente: Sí, soy Sarah Mitchell de Snow Trails Ltd. Agente: Gracias, Sarah. Dime, ¿por qué llamas hoy? Cliente: Bueno, pedimos 100 chaquetas DryProof670 y parece que las cremalleras de la mitad de ellas están rotas. Sería genial si pudieras proporcionarme una forma de reemplazar esta gran cantidad de chaquetas. Agente: Entiendo que puede ser bastante problemático para tu negocio. Déjame ver qué está pasando con tu pedido. Para confirmar, ¿tu pedido termina en 89241? Cliente: Sí, ese es. Agente: Ya veo. Parece que es la primera vez que escuchamos que este modelo específico tiene una calidad tan mala, y realmente nos disculpamos por eso. Nos gustaría arreglar las cosas. Iniciaré el proceso para enviar un nuevo conjunto de chaquetas y organizaré la recogida de los artículos dañados con uno de nuestros camiones durante la próxima semana. ¿Le parecería bien que los conserve en su posesión durante este tiempo? Cliente: Supongo que sí, si esa es la única opción. ¿Me costará algo?"
10/26/23,Español,Colombia,Resistente al agua 670,chaqueta,Cremallera rota,"Cliente: Hola. Agente: Hola. Espero que estés teniendo un buen día. Para poder brindarte la mejor asistencia, ¿podrías compartir tu nombre y apellido y la empresa desde la que llamas? Cliente: Claro, mi nombre es Emma Thompson y llamo de Ski Adventures. Agente: Gracias, Emma. ¿En qué puedo ayudarte hoy? Cliente: Bueno, nuestra empresa pidió 50 chaquetas DryProof670 para nuestros instructores de esquí y parece que la mitad de ellas tienen las cremalleras rotas. Sería genial si pudieras proporcionarme alguna forma de reemplazar esta gran cantidad de chaquetas. Agente: Entiendo que puede ser un problema para tu empresa. Déjame analizarlo con tu pedido. Para confirmar, ¿tu pedido es el que termina en 38574? Cliente: Sí, ese es el pedido del que estoy hablando. Agente: Ya veo. Parece que es la primera vez que escuchamos que este modelo específico tiene una calidad tan mala y realmente nos disculpamos por eso. Nos gustaría arreglar las cosas. Comenzaré el proceso para enviar un nuevo conjunto de chaquetas y organizaré la recogida de los artículos dañados con uno de nuestros camiones dentro de los próximos 10 días. ¿Eso se adaptará a sus necesidades para mantenerlos en su posesión durante el tiempo? Cliente: Supongo que sí, si es la única solución. ¿Habrá algún costo para mí en esto? Agente: No, no habrá costos adicionales para usted. Nos encargaremos de los gastos de envío y recogida, ya que este fue un problema con nuestro producto. Además, le enviaremos un correo electrónico de confirmación una vez que se envíen las nuevas chaquetas. Cliente: Muy bien, gracias por su ayuda. Agente: ¡De nada, Emma! Si tiene más preguntas o problemas, no dude en comunicarse con nosotros. ¡Que tenga un excelente día!"
10/27/23,Español,Colombia,Resistente al agua 670,chaqueta,Cremallera rota,"Cliente: Hola. Agente: Hola. Espero que estés teniendo un buen día. Para brindarte la mejor asistencia, comparte tu nombre y apellido y el nombre de la empresa desde la que llamas. Cliente: Claro, soy Emma Willington de SnowBreakers Ski Shop. Agente: Gracias, Emma. ¿En qué puedo ayudarte hoy? Cliente: Habíamos pedido 50 chaquetas DryProof670 y, cuando las desempaquetamos, descubrimos que la mitad de ellas tenían las cremalleras rotas. Necesitamos una solución sobre cómo reemplazar esta gran cantidad de chaquetas. Agente: Entiendo que esto puede ser un problema para tu negocio. Déjame verificar qué está pasando con tu pedido. Para confirmar, ¿tu número de pedido es el que termina en 44931? Cliente: Sí, ese es. Agente: Ya veo. Parece que es la primera vez que escuchamos que este modelo específico tiene una calidad tan mala y realmente nos disculpamos por eso. Nos gustaría arreglar las cosas. Comenzaré el proceso para enviar un nuevo conjunto de chaquetas y organizaré la recogida de los artículos dañados con uno de nuestros camiones dentro de los próximos 7 días. ¿Será adecuado que los conserve hasta entonces? Cliente: Supongo que sí, si esa es la única solución. ¿Habrá algún cargo para mí por esto? Agente: No habrá ningún cargo para usted por esto, y cubriremos todos los gastos de envío y manipulación involucrados. Valoramos su negocio y queremos asegurarnos de que esté satisfecho con nuestros productos. Cliente: Gracias. Realmente aprecio la rápida respuesta y resolución. Agente: De nada, Emma. Nos disculpamos por las molestias y trabajaremos para asegurarnos de que esto no vuelva a suceder. Si tiene alguna otra pregunta o inquietud, no dude en comunicarse con nosotros. ¡Que tenga un excelente día! Cliente: Para usted también, adiós. Agente: ¡Adiós y que tenga un excelente día!"
10/27/23,Español,Colombia,Resistente al agua 670,chaqueta,Cremallera rota,"Cliente: Hola. Agente: Hola. ¡Espero que estés teniendo un gran día! Para brindarte la mejor asistencia, ¿podrías compartir tu nombre y apellido y la empresa desde la que llamas? Cliente: Sí, mi nombre es Sarah White de Alpine Adventures. Agente: Gracias, Sarah. ¿En qué puedo ayudarte hoy? Cliente: Bueno, recientemente pedimos 50 chaquetas DryProof670, pero parece que la mitad de ellas tienen cremalleras rotas. Sería genial si pudieras proporcionarnos una forma de reemplazar estas chaquetas. Agente: Entiendo que esto puede ser un problema para tu negocio. Permíteme verificar qué está pasando con tu pedido. ¿Puedes confirmar si tu número de pedido es 53865? Cliente: Sí, ese es el número de pedido correcto. Agente: Parece que esta es la primera vez que escuchamos que este modelo específico tiene una calidad tan mala, y nos disculpamos sinceramente por eso. Nos gustaría corregir las cosas. Iniciaré el proceso para enviarte un nuevo conjunto de chaquetas y organizaré la recogida de los artículos dañados por uno de nuestros camiones dentro de los 7 días. ¿Te parece bien que conserves los artículos hasta ese momento? Cliente: Sí, supongo que está bien, siempre y cuando recibamos los reemplazos lo antes posible. ¿Habrá algún costo adicional para nosotros por esto? Agente: No, no habrá ningún costo adicional para ti. Cubriremos los gastos de envío y manipulación tanto de las chaquetas de reemplazo como de la devolución de las dañadas. Agradecemos tu comprensión y paciencia con este problema."
10/26/23,Español,Colombia,Resistente al agua 670,chaqueta,color deslavado,"Cliente: Hola. Agente: Hola. Espero que estés teniendo un buen día. Para brindarte la mayor ayuda posible, ¿podrías compartir tu nombre y apellido y la empresa desde la que llamas? Cliente: Claro, soy Rachel Smith de Mountain Gear Outlet. Agente: Gracias, Rachel. ¿Por qué llamas hoy? Cliente: Recientemente recibimos un pedido de 60 chaquetas DryProof670 y notamos que los colores están desteñidos en algunas de ellas. Parece que esto podría ser un problema de control de calidad. El número de pedido es 83745. Agente: Lamento escuchar eso, Rachel. Déjame echarle un vistazo a tu pedido. Sí, veo este pedido de 60 chaquetas. Nos disculpamos por cualquier inconveniente que esto pueda haberte causado. Cliente: ¿Qué podemos hacer para resolver este problema? Nuestros clientes esperan productos de cierta calidad y no queremos decepcionarlos. Agente: Entendido. En este caso, podemos ofrecer reemplazar las chaquetas con colores desteñidos sin costo adicional. Todo lo que necesitamos es un informe que especifique la cantidad de chaquetas afectadas y luego podemos organizar el envío de los reemplazos. ¿Le parece aceptable esta solución? Cliente: Sí, eso nos funcionará. Prepararé el informe y se lo enviaré lo antes posible. Agente: Genial, envíe el informe a nuestro correo electrónico de atención al cliente y lo procesaremos tan pronto como lo recibamos. ¿Necesita ayuda con algo más? Cliente: No, eso debería ser todo por ahora. Gracias por su ayuda. Agente: De nada, Rachel. Si tiene alguna otra inquietud, no dude en contactarnos. ¡Que tenga un excelente día!"
10/26/23,Español,Colombia,Resistente al agua 670,chaqueta,color deslavado,"Cliente: Hola. Agente: Hola. Espero que estés teniendo un buen día. Para brindarte la mayor ayuda posible, ¿podrías compartir tu nombre y apellido y la empresa desde la que llamas? Cliente: Hola, me llamo Susan White y llamo de Mountain Slope Sports. Agente: Gracias, Susan. ¿Cuál parece ser el problema que tienes hoy? Cliente: Hemos recibido un envío de chaquetas DryProof670, pero algunas de ellas tienen colores descoloridos. Parece que han estado expuestas al sol u otros elementos dañinos durante mucho tiempo. Agente: Lamento escuchar eso. Para ayudarte lo mejor posible, ¿podrías confirmar tu número de pedido? Creo que es el que termina en 98414. Cliente: Sí, es el correcto. Agente: Gracias por la confirmación. Nos gustaría solucionar esto. Puedo enviarte un envío de reemplazo con chaquetas nuevas y, además, podemos organizar la recogida de los artículos afectados dentro de los próximos 5 a 7 días hábiles. ¿Sería esa una solución aceptable para ti? Cliente: Agradezco la rápida respuesta, pero me preocupa que las chaquetas tengan el mismo problema, ya que necesitamos tenerlas disponibles para los clientes de inmediato. Agente: Entiendo tus preocupaciones, Susan. Lo que podemos hacer es que nuestro departamento de control de calidad inspeccione personalmente cada chaqueta antes de enviártela para asegurarnos de que los colores sean perfectos. Puede que tarde un poco más de lo habitual, pero priorizaremos tu envío para minimizar los retrasos. Cliente: Eso suena como una buena solución, gracias. Avísame si hay más retrasos. Agente: Por supuesto, te mantendremos informado durante todo el proceso. Una vez más, nos disculpamos por cualquier inconveniente causado y agradecemos tu comprensión. Cliente: Gracias por tu ayuda. Que tengas un buen día. Agente: ¡De nada, Susan! ¡Que tengas un buen día tú también!"
10/27/23,Español,Colombia,Resistente al agua 670,chaqueta,color deslavado,"Cliente: Hola. Agente: Hola. Espero que estés teniendo un buen día. Para brindarte la mejor ayuda, ¿podrías compartir tu nombre y apellido y la empresa desde la que llamas? Cliente: Claro, soy Lucy Parker de Snowy Slopes Rentals. Agente: Gracias, Lucy. ¿En qué puedo ayudarte hoy? Cliente: Bueno, recibimos un pedido de 100 chaquetas DryProof670 en varios tamaños y, después del primer lavado, los colores se desvanecieron significativamente. Estamos muy preocupados por la calidad de estas chaquetas, ya que nuestros clientes esperan productos de alta calidad de nuestra parte. Agente: Entiendo que eso puede ser un problema para tu negocio. Déjame ver qué está pasando con tu pedido. Para confirmar, ¿tu pedido es el que termina en 21265? Cliente: Sí, ese es. Agente: Gracias por confirmar. Lamento las molestias ocasionadas. Nuestras chaquetas ""DryProof670"" deberían mantener la calidad de su color durante un período de tiempo significativo. Es posible que haya habido un problema de control de calidad interno. Queremos solucionarlo. ¿Le gustaría que le enviemos un nuevo conjunto de chaquetas sin costo adicional? Cliente: Sí, sería genial. ¿Cuánto tiempo tardarán en llegar las nuevas chaquetas? Agente: Agilizaremos el envío para asegurarnos de que reciba las chaquetas de reemplazo lo antes posible. El envío llegará dentro de los próximos 3 a 4 días hábiles. Cliente: Gracias, agradezco su ayuda. Agente: De nada, Lucy. Si tiene alguna otra inquietud o necesita más ayuda, no dude en comunicarse con nosotros. ¡Que tenga un excelente día!"
10/24/23,Español,Colombia,Resistente al agua 670,chaqueta,color deslavado,"Cliente: Hola. Agente: Hola. Espero que estés teniendo un buen día. Para poder ayudarte mejor, ¿podrías compartir tu nombre y apellido y el nombre de la empresa desde la que llamas? Cliente: Claro, soy Sarah Williams de Mountain Ski Rentals. Agente: Gracias, Sarah. ¿En qué puedo ayudarte hoy? Cliente: Recibimos un lote de chaquetas DryProof670 para nuestra tienda de alquiler de esquís y parece que después de un lavado, el color de las chaquetas se ha desteñido significativamente. No podemos presentarlas a nuestros clientes en esas condiciones. ¿Qué se puede hacer al respecto? Agente: Entiendo tu preocupación, Sarah, y me disculpo por los inconvenientes que esto te ha causado. Déjame verificar qué está pasando con tu pedido. Para confirmar, ¿tu pedido es el que termina con 80803? Cliente: Sí, ese es. Agente: Ya veo. Esta es la primera vez que escuchamos sobre problemas de color con este modelo en particular y nos disculpamos profundamente por eso. Estaré feliz de solucionar las cosas para ti. Lo que puedo hacer es iniciar el proceso para enviar un nuevo conjunto de chaquetas y también organizaremos la recogida de las chaquetas dañadas de sus instalaciones durante la próxima semana. ¿Eso funcionaría para usted? Cliente: Sí, eso debería funcionar. ¿Habrá algún costo asociado con esto? Agente: No, no habrá ningún costo asociado con el reemplazo y la recogida. Nos encargaremos de ello como un gesto de buena voluntad y compromiso con la satisfacción de nuestro cliente. Recibirá una confirmación por correo electrónico con los detalles del envío de reemplazo en breve. Cliente: Gracias, agradezco su ayuda con este asunto. Agente: De nada, Sarah. Si tiene alguna otra inquietud o problema, no dude en comunicarse con nosotros. ¡Que tenga un excelente día!"
10/26/23,Español,Colombia,Resistente al agua 670,chaqueta,color deslavado,"Cliente: Hola. Agente: Hola. ¡Espero que estés teniendo un gran día! Para poder ayudarte mejor, ¿podrías proporcionarme tu nombre y apellido y la empresa desde la que llamas? Cliente: Sí, me llamo Jane Mitchell y trabajo en Snowy Peak Rentals. Agente: Gracias, Jane. ¿En qué puedo ayudarte hoy? Cliente: Bueno, acabamos de recibir nuestro pedido de 50 chaquetas DryProof670 y parece que los colores están desteñidos en al menos la mitad de ellas. Parece que se han almacenado de forma incorrecta o se han expuesto a la luz solar, porque los colores se han desteñido. Nuestros clientes esperan chaquetas brillantes y vibrantes. Agente: Entiendo lo importante que es el atractivo visual para sus clientes. Déjeme echarle un vistazo a su pedido. Para confirmar, ¿su número de pedido es 35040? Cliente: Sí, ese es. Agente: Parece que es la primera vez que nos encontramos con un problema de este tipo con este modelo en particular y nos disculpamos profundamente por el inconveniente. Queremos solucionarlo para usted. Iniciaré el proceso para que le envíen un nuevo conjunto de chaquetas y coordinaré la recogida de los artículos dañados en un plazo de 15 días. ¿Está bien que los conserve hasta entonces? Cliente: Supongo que está bien, si es la única opción. ¿Habrá algún cargo para mí en este proceso? Agente: No, no habrá ningún cargo para usted. Cubriremos el costo de envío de las nuevas chaquetas y la recogida de las dañadas. Queremos asegurarnos de que esté satisfecho con nuestros productos y servicio. Cliente: Genial, gracias por su pronta asistencia. Espero que las nuevas chaquetas lleguen en buenas condiciones. Agente: De nada, Jane. Tendremos especial cuidado para asegurarnos de que las nuevas chaquetas le lleguen sin ningún problema. ¡Gracias por su comprensión y que tenga un excelente día!"
10/26/23,Español,Colombia,Mitones con concha45,guantes,etiquetas de precios faltantes,"Cliente: Hola. Agente: Hola y bienvenido. Espero que estés teniendo un día fantástico. Para poder ayudarte mejor, ¿podrías proporcionarme tu nombre y apellido y el nombre de la empresa desde la que llamas? Cliente: Claro, mi nombre es Sarah Collins y llamo de Winter Wonderland Resorts. Agente: Gracias, Sarah. ¿En qué puedo ayudarte hoy? Cliente: Acabamos de recibir un envío de guantes ShelledMitts45 y notamos que ninguno de ellos tiene etiquetas de precio. Por lo general, vienen con etiquetas, por lo que es un poco confuso para nosotros cuando intentamos venderlos en nuestra tienda. Agente: Entiendo tu preocupación, Sarah. Déjame verificar qué está pasando con tu pedido. Para confirmar, ¿tu número de pedido termina en 14516? Cliente: Sí, es correcto. Agente: Gracias por confirmar. Parece que hubo un descuido durante el embalaje de tu pedido. Lamento cualquier inconveniente que esto te haya causado. Como solución, podemos enviarte por correo electrónico un PDF de las etiquetas de precio que puedes imprimir y colocar tú mismo en los guantes. ¿Te servirá? Cliente: Eso debería estar bien. ¿Cuánto tiempo tardaré en recibir el correo electrónico con las etiquetas de precios? Agente: Deberías recibir el correo electrónico en los próximos 30 minutos. Cliente: Genial, gracias por tu ayuda. Te lo agradezco. Agente: De nada, Sarah. Si tienes más preguntas o necesitas ayuda en el futuro, no dudes en comunicarte con nosotros. ¡Que tengas un buen día!"
10/28/23,Español,Colombia,Mitones con concha45,guantes,etiquetas de precios faltantes,"Cliente: Hola. Agente: Hola. Espero que estés teniendo un gran día. Para brindarte la mayor ayuda posible, comparte tu nombre y apellido y la empresa desde la que llamas. Cliente: Claro, soy Emily Gibson de Mountain Slope Adventures. Agente: Gracias, Emily. ¿Qué te trae a contactarnos hoy? Cliente: Recientemente recibimos un envío de guantes ShelledMitts45, pero parece que a algunos de los guantes les faltan las etiquetas de precio. No queremos causar confusión a nuestros clientes. ¿Puedes ayudarnos con este problema? Agente: Entiendo que puede ser bastante problemático. Déjame verificar qué está pasando con tu pedido. Para confirmar, ¿tu pedido es el que termina en 75318? Cliente: Sí, ese es. Agente: Ya veo. Nos disculpamos por el descuido y nos gustaría corregirlo. Puedo enviarte un nuevo juego de etiquetas de precio para los guantes dentro de los próximos 2 a 3 días por correo prioritario. ¿Eso resolvería el problema? Cliente: Eso debería funcionar, gracias. ¿Puedes enviarme también una copia digital de las etiquetas de precios, en caso de que necesitemos imprimir más localmente? Agente: Por supuesto, puedo enviarte por correo electrónico la copia digital de las etiquetas de precios de inmediato. Estará en formato PDF que podrás imprimir fácilmente por tu cuenta. Cliente: Perfecto, ¡muchas gracias por tu ayuda! Agente: ¡De nada, Emily! Si necesitas más ayuda, no dudes en comunicarte con nosotros. ¡Que tengas un buen día!"
10/28/23,Español,Colombia,Mitones con concha45,guantes,etiquetas de precios faltantes,"Cliente: Hola. Agente: Hola. Espero que estés teniendo un gran día. Para brindarte la mayor ayuda posible, ¿podrías compartir tu nombre y apellido y la empresa desde la que llamas? Cliente: Sí, soy Samantha López de Avalanche Gear Store. Agente: Gracias, Samantha. ¿Qué te trae a contactarnos hoy? Cliente: Bueno, recibimos un envío de guantes ShelledMitts45, pero ninguno de ellos tiene etiquetas de precio adheridas. Esto nos está causando un gran inconveniente. ¿Puedes ayudarme, por favor? Agente: Entiendo tu preocupación. Déjame verificar qué está pasando con tu pedido. Para confirmar, ¿tu número de pedido termina en 50946? Cliente: Sí, ese es el pedido correcto. Agente: Gracias por confirmar el número de pedido. Lamento el inconveniente. Parece que las etiquetas se deben haber dejado fuera accidentalmente durante el empaque. Podemos enviarte etiquetas de reemplazo para que las coloques tú mismo o podemos organizar una devolución y enviarte un nuevo envío con las etiquetas ya colocadas. ¿Qué opción preferirías? Cliente: Creo que podemos arreglárnoslas nosotros mismos para colocar las etiquetas. ¿Podrías enviar las etiquetas de reemplazo lo antes posible? Agente: Por supuesto, enviaremos las etiquetas de reemplazo de inmediato. Deberías recibirlas en un plazo de 3 a 5 días hábiles. Mientras tanto, ¿puedo proporcionarte también el precio minorista estándar de cada guante ShelledMitts45, para que puedas seguir vendiéndolos antes de que lleguen las etiquetas? Cliente: Eso sería de gran ayuda, gracias. Agente: El precio minorista estándar de los guantes ShelledMitts45 es de $49,95. No dudes en fijar el precio de los guantes en consecuencia hasta que lleguen las etiquetas. Nuevamente, nuestras disculpas por las molestias y gracias por tu comprensión. Cliente: Gracias por tu ayuda. Que tengas un buen día. Agente: De nada, Samantha. ¡Que tengas un buen día tú también! Si tienes más preguntas o inquietudes, no dudes en comunicarte con nosotros."
10/25/23,Español,Colombia,Mitones con concha45,guantes,etiquetas de precios faltantes,"Cliente: Hola. Agente: ¡Hola! Espero que estés teniendo un día fantástico. Para poder ayudarte mejor, ¿podrías compartir tu nombre y apellido y la empresa desde la que llamas? Cliente: Sí, soy Sam Green de Big Mountain Sports Store. Agente: Gracias, Sam. ¿En qué puedo ayudarte hoy? Cliente: Acabamos de recibir un pedido de guantes ShelledMitts45, pero faltan las etiquetas de precio. Como resultado, no podemos poner estos guantes en el piso de venta. ¿Puedes decirme cómo podemos resolver este problema? Agente: Entiendo que puede ser un gran inconveniente para tu tienda. Para confirmar, ¿tu pedido es el que termina en 57559? Cliente: Sí, es correcto. Agente: Gracias por confirmar. Lo que podemos hacer es enviarte etiquetas de precio imprimibles por correo electrónico, para que las imprimas y las coloques en los guantes en la tienda. Además, anotaré este problema en nuestro sistema con fines de control de calidad para evitar que esto suceda en el futuro. ¿Te funcionaría? Cliente: Sí, eso debería estar bien. ¿Puedes enviármelos lo antes posible? Agente: ¡Por supuesto! Te enviaré por correo electrónico las etiquetas de precios en los próximos 15 minutos. Asegúrate de revisar tu bandeja de entrada y avísame si hay algo más con lo que pueda ayudarte hoy. Cliente: Gracias, aprecio tu ayuda. Eso es todo lo que necesitaba por ahora. Agente: ¡De nada, Sam! Si tienes alguna otra inquietud o pregunta, no dudes en contactarnos. ¡Que tengas un excelente día!"
10/30/23,Español,Colombia,Mitones con concha45,guantes,etiquetas de precios faltantes,"Cliente: Hola. Agente: Hola. ¡Espero que estés teniendo un gran día! Para ayudarte mejor, ¿podrías proporcionarme tu nombre y apellido, y la empresa desde la que llamas? Cliente: Sí, mi nombre es Debbie Dawson de Snowflake Adventures. Agente: Hola, Debbie, ¿cómo puedo ayudarte hoy? Cliente: Acabamos de recibir nuestro envío de guantes ShelledMitts45, pero parece que hay un problema. A todo nuestro pedido le faltan las etiquetas de precio, lo que dificulta la venta de los productos en nuestra tienda minorista. Agente: Entiendo que esto puede ser un inconveniente para tu tienda. Déjame verificar los detalles de tu pedido. Si no me equivoco, tu pedido termina con 38530, ¿es correcto? Cliente: Sí, ese es el número de pedido correcto. Agente: Gracias por confirmar. Nos disculpamos por este descuido. Para corregirlo, puedo enviarte un nuevo juego de etiquetas de precio de inmediato. Deberías recibirlas en aproximadamente 2 o 3 días hábiles. ¿Sería eso adecuado para ti? Cliente: Eso debería estar bien, gracias. ¿Tengo que hacer algo más o ya está todo resuelto? Agente: Ya está todo resuelto, Debbie. Me aseguraré de que las etiquetas de precios se envíen lo antes posible. Me disculpo una vez más por las molestias y espero que esto no afecte su experiencia con nosotros. Si tiene alguna otra inquietud, no dude en comunicarse con nosotros. Cliente: Gracias por su ayuda. ¡Que tenga un excelente día! Agente: De nada, Debbie, ¡y que tenga un maravilloso día!"
10/25/23,Español,Colombia,Mitones con concha45,guantes,etiquetas de precios faltantes,"Cliente: Hola. Agente: ¡Hola! Espero que estés teniendo un gran día. Antes de comenzar, ¿podrías compartir tu nombre y apellido y la empresa de la que llamas? Cliente: Mi nombre es Susan Granger de Glacier Skis & Gear. Agente: Gracias, Susan. ¿En qué puedo ayudarte hoy? Cliente: Acabamos de recibir nuestro envío de guantes ShelledMitts45 y parece que no tienen etiquetas de precio. Los necesitamos para nuestro próximo evento de rebajas y no podemos usarlos sin las etiquetas. Agente: Entiendo que esta situación puede ser un problema para tu evento. Déjame verificar tu número de pedido. ¿Es el pedido n.º 45875? Cliente: Sí, ese es mi pedido. Agente: Me disculpo por este descuido y veo que podemos rectificar el problema enviando las etiquetas rápidamente. Debería tardar entre 2 y 3 días hábiles. ¿Te parece bien? Cliente: Supongo que eso tendrá que bastar. ¿Hay alguna forma de acelerar el envío para garantizar que los recibamos antes del evento? Agente: Por supuesto. He priorizado el envío de las etiquetas de precios, lo que garantiza la entrega en 1 o 2 días hábiles. Deberías recibirlas a tiempo para tu evento. Cliente: Gracias por tu ayuda, te lo agradezco. Agente: De nada, Susan. Si necesitas más ayuda, no dudes en contactarnos. ¡Que tengas un buen día! Cliente: Tú también, ¡adiós!"
10/29/23,Español,Colombia,Mitones con concha45,guantes,etiquetas de precios faltantes,"Cliente: Hola. Agente: ¡Hola! Espero que estés teniendo un buen día. Para poder ayudarte mejor, ¿podrías compartir tu nombre y apellido, y la empresa de la que estás llamando? Cliente: Sí, soy Samantha Johnson de Penguin Slopes. Agente: Gracias, Samantha. ¿En qué puedo ayudarte hoy? Cliente: Hace poco recibimos un pedido de guantes ShelledMitts45, pero parece que aproximadamente la mitad de ellos no tienen etiquetas de precio. No podemos colocarlos en el taller sin etiquetas de precio. ¿Podrías decirnos cómo podemos conseguir las etiquetas de precio para solucionar este problema? Agente: Lamento las molestias que esto te ha causado. Antes de continuar, ¿podrías confirmar si tu número de pedido termina con 93532? Cliente: Sí, es correcto. Agente: Gracias por confirmar. Parece que ha habido un descuido durante el proceso de embalaje. Estaré encantado de enviarte las etiquetas de precio correspondientes y una pistola etiquetadora para colocarlas en los guantes. ¿Te parecería satisfactorio? Cliente: Eso sería genial, gracias. ¿Qué tan rápido podemos esperar recibir las etiquetas de precio? Agente: Puedo organizar un envío prioritario y debería recibir las etiquetas de precio dentro de los próximos 2 días hábiles. ¿Eso sería aceptable? Cliente: Sí, eso funcionará. Gracias por su ayuda. Agente: De nada, Samantha. Gracias por notificarnos sobre el problema. Agradecemos su comprensión y paciencia. ¡Que tenga un excelente día!"
10/27/23,Español,Colombia,Mitones con concha45,guantes,etiquetas de precios faltantes,"Cliente: Hola. Agente: Hola. Espero que estés teniendo un gran día. Para ayudarte mejor, comparte tu nombre y apellido, así como la empresa desde la que llamas. Cliente: Mi nombre es Susan Turner y llamo de Alpine Adventures. Agente: Gracias, Susan. ¿En qué puedo ayudarte hoy? Cliente: Recibimos un pedido de guantes ShelledMitts45, pero parece que faltan etiquetas de precio en la mitad del envío. Como estos guantes se venderán en nuestra tienda minorista, no podemos hacerlo sin las etiquetas de precio oficiales. Agente: Entiendo que esto puede ser un problema para tu tienda. Déjame verificar los detalles de tu pedido. Para confirmar, ¿te refieres al número de pedido 92715? Cliente: Sí, ese es. Agente: Lamento este inconveniente, Susan. Comenzaré el proceso para enviarte otro juego de etiquetas de precio de inmediato. Deberías recibirlas dentro de los próximos 2 a 3 días hábiles. Mientras tanto, continúe conservando los guantes y le proporcionaremos una etiqueta de envío de devolución para que envíe las etiquetas de precio originales una vez que reciba los reemplazos. ¿Esta solución funciona para usted? Cliente: Sí, eso debería funcionar. Gracias por resolver este problema rápidamente. Agente: De nada, Susan. Nos disculpamos nuevamente por cualquier inconveniente que esto haya causado. Si tiene más problemas o alguna pregunta, no dude en comunicarse con nosotros. ¡Que tenga un excelente día!"
10/27/23,Español,Colombia,Mitones con concha45,guantes,etiquetas de precios faltantes,"Cliente: Hola. Agente: Hola. Espero que estés teniendo un buen día. Para brindarte la mayor ayuda posible, ¿podrías compartir tu nombre y apellido y la empresa desde la que llamas? Cliente: Claro, soy Catherine Smith de Snowy Adventures. Agente: Gracias, Catherine. ¿Cuál es el problema que tienes hoy? Cliente: Recibimos un envío de guantes ShelledMitts45 y, lamentablemente, a una parte importante de ellos les faltan las etiquetas de precio. Esto está causando confusión entre nuestros clientes y personal. ¿Puedes ayudarnos, por favor? Agente: Entiendo tu preocupación, Catherine. Déjame verificar qué está pasando con tu pedido. Para confirmar, ¿tu pedido es el que termina en 53426? Cliente: Sí, ese es mi pedido. Agente: Después de revisar tu pedido, veo que puede haber habido un problema durante el empaque. Podemos enviarte un nuevo envío con las etiquetas de precio ya adheridas o proporcionarte las etiquetas de precio adecuadas para que puedas colocarlas rápidamente antes de mostrar los artículos a la venta. Cliente: Creo que preferiría la segunda opción, recibir las etiquetas de precio por separado. Necesitamos tener estos artículos en exhibición lo antes posible. Agente: Entiendo y me aseguraré de que le envíen las etiquetas de precios lo antes posible. Debería recibirlas dentro de los próximos 3 días hábiles. ¿Necesita ayuda con algo más? Cliente: No, eso debería ser suficiente. Gracias por su ayuda. Agente: De nada, Catherine. ¡Que tenga un excelente día!"
10/25/23,Español,Colombia,Mitones con concha45,guantes,etiquetas de precios faltantes,"Cliente: Hola. Agente: ¡Hola! Espero que estés teniendo un gran día. Para brindarte la mejor asistencia, ¿podrías compartir tu nombre y apellido y la empresa de la que estás llamando? Cliente: Claro, mi nombre es Jennifer Davis de Mountain Adventures, Inc. Agente: Gracias, Jennifer. ¿Cómo puedo ayudarte hoy? Cliente: Acabamos de recibir un envío de guantes ShelledMitts45 y noté que a todos los guantes les faltan las etiquetas de precio. ¿Hay alguna manera de que podamos obtener las etiquetas adecuadas para estos guantes? Agente: Lamento el inconveniente que esto te ha causado. Déjame verificar los detalles de tu pedido. Para confirmar, tu número de pedido termina con 12282, ¿correcto? Cliente: Sí, ese es el pedido. Agente: Bien, puedo ver que tu pedido contenía 50 pares de guantes ShelledMitts45. Entiendo lo importante que es tener etiquetas de precio en tus productos, por lo que te enviaremos las etiquetas de precio faltantes lo antes posible. Deberían llegarte en un plazo de 2 a 3 días hábiles. ¿Eso funciona para ti? Cliente: Sí, eso suena genial. Gracias por tu ayuda. Agente: De nada, Jennifer. Si tienes más preguntas o necesitas ayuda, no dudes en contactarnos. ¡Que tengas un buen día!"
10/31/23,Español,Colombia,Mitones con concha45,guantes,etiquetas de precios faltantes,"Cliente: Hola. Agente: Hola. Espero que estés teniendo un buen día. Para poder ayudarte mejor, ¿podrías compartir tu nombre y apellido y la empresa desde la que llamas? Cliente: Sí, soy Sarah Murphy de Winter Sports Limited. Agente: Gracias, Sarah. ¿En qué puedo ayudarte hoy? Cliente: Acabamos de recibir un envío de guantes ShelledMitts45 en varios tamaños, pero a casi la mitad de ellos les faltan las etiquetas de precio. Los necesitamos para exhibirlos en nuestra tienda este fin de semana como parte de nuestra promoción. Agente: Entiendo que eso podría ser un problema para los preparativos de tu promoción. Déjame verificar qué está pasando con tu pedido. Solo para confirmar, tu pedido termina en 82370, ¿es correcto? Cliente: Sí, ese es. Agente: Gracias por confirmar, Sarah. En este caso, podemos acelerar el envío de las etiquetas de precio faltantes para que lleguen dentro de las 48 horas. Alternativamente, si tienes una máquina etiquetadora de precios interna, podemos proporcionarte una lista de las etiquetas de precio y sus tamaños de guantes correspondientes por correo electrónico. ¿Qué opción preferirías? Cliente: Enviar las etiquetas dentro de las 48 horas debería funcionar bien. Agradezco tu ayuda. Agente: Genial, lo procesaré de inmediato y recibirás un correo electrónico de confirmación en breve. Si tienes otras preguntas o inquietudes, no dudes en comunicarte. ¡Que tengas un día fantástico, Sarah! Cliente: ¡Gracias a ti también!"
10/28/23,Español,Peru,Mitones con concha45,guantes,etiquetas de precios faltantes,"Cliente: Hola. Agente: ¡Hola! Espero que estés teniendo un buen día. Para ayudarte mejor, ¿podrías compartir tu nombre y apellido y la empresa desde la que llamas? Cliente: Hola, soy Sandra Bull de Frosty's Ski Shop. Agente: Gracias, Sandra. ¿En qué puedo ayudarte hoy? Cliente: Recibimos un pedido de guantes ShelledMitts45, pero parece que faltan las etiquetas de precio en algunos de ellos, y esto nos dificulta escanearlos en la caja registradora. Agente: Entiendo el inconveniente de esa situación. Déjame verificar el pedido al que te refieres. ¿Es el que termina en 12142? Cliente: Sí, ese es. Agente: Bien, podemos resolver este problema de un par de formas. Para evitar costos de envío y ahorrar tiempo, podemos enviarte por correo electrónico las etiquetas de precio adecuadas para que las imprimas y las coloques en los guantes. Alternativamente, podemos enviar un nuevo envío con las etiquetas de precio corregidas, lo que demorará unos días. ¿Qué opción funcionaría mejor para ti? Cliente: La opción de correo electrónico suena genial. De esa manera, podemos solucionarlo de inmediato. Agente: ¡Perfecto! Te enviaré las etiquetas de precios por correo electrónico a la dirección que tenemos registrada para tu cuenta y deberías recibirlas en breve. Si tienes más problemas, no dudes en comunicarte con nosotros. Cliente: ¡Gracias por tu ayuda!"
10/29/23,Español,Peru,Mitones con concha45,guantes,etiquetas de precios faltantes,"Cliente: Hola. Agente: Hola. Espero que estés teniendo un buen día. Para poder ayudarte mejor, ¿podrías compartir tu nombre y apellido y el nombre de la empresa desde la que llamas? Cliente: Sí, soy Emma Roberts de Peak Ski Lodge. Agente: Gracias, Emma. ¿En qué puedo ayudarte hoy? Cliente: Hace poco recibimos un envío de guantes ShelledMitts45, pero parece que a algunos de los guantes les faltan las etiquetas de precio. Esto nos dificulta venderlos en la tienda de nuestro albergue de esquí. Agente: Entiendo que esto puede causar un inconveniente. Déjame comprobar qué está pasando con tu pedido. Para confirmar, ¿tu pedido termina con 60794? Cliente: Sí, ese es el pedido. Agente: Bien, esto es lo que podemos hacer. Podemos enviarte un paquete de etiquetas de precio para que las coloques tú mismo en los guantes. Alternativamente, podemos organizar un cambio de los guantes a los que les faltan las etiquetas de precio por unos nuevos que ya tengan las etiquetas de precio colocadas. ¿Cuál prefieres? Cliente: Creo que sería más fácil para nosotros si simplemente nos enviaran las etiquetas de precios y las pudiéramos colocar nosotros mismos. Agente: ¡Genial! Organizaré el envío de las etiquetas de precios. Las recibirás en un plazo de 2 a 3 días hábiles. ¿Hay algo más en lo que pueda ayudarte? Cliente: No, eso debería ser todo. Gracias por tu ayuda. Agente: De nada, Emma. ¡Que tengas un buen día!"
10/26/23,Español,Peru,Mitones con concha45,guantes,etiquetas de precios faltantes,"Cliente: Hola, necesito ayuda con el pedido que recibí hoy. Agente: ¡Hola! Me complace poder ayudarte con tu problema. Para comenzar, ¿puedes proporcionarme tu nombre y apellido, y el nombre de la empresa desde la que llamas? Cliente: Claro, mi nombre es Becky Thompson y llamo de Snowy Slopes Gear. Agente: Gracias, Becky. ¿Puedes contarme sobre el problema que tienes con tu pedido reciente? Cliente: Recibimos un envío de guantes ShelledMitts45 y a los 30 pares les faltan las etiquetas de precio. Necesitan tenerlas porque estamos lanzando nuestra promoción de rebajas de invierno este fin de semana. Agente: Oh, me disculpo por el inconveniente que estás enfrentando. Déjame revisar tu pedido para ver qué sucedió. Para confirmar, ¿tu pedido es el que termina en el número 86492? Cliente: Sí, ese es mi pedido. Agente: Veo el problema. Parece que las etiquetas de precio se dejaron fuera accidentalmente durante el proceso de empaquetado. Podemos solucionar esto enviándote las etiquetas de precio por separado mediante envío urgente nocturno, para que las recibas a tiempo para tu promoción. Luego, puedes simplemente colocarlas en los guantes. ¿Qué te parece? Cliente: Eso debería funcionar. Agradeceré la respuesta rápida. Agente: Genial. Procesaré el envío de las etiquetas de precio de inmediato. Gracias por tu comprensión y me disculpo por las molestias que esto pueda haberte causado. Cliente: No hay problema, gracias por resolver el problema tan rápidamente. ¡Que tengas un buen día! Agente: ¡A ti también y mucha suerte con tu promoción de ventas! Si tienes más preguntas o problemas, no dudes en contactarnos. ¡Que tengas un buen día!"
10/28/23,Español,Peru,Mitones con concha45,guantes,etiquetas de precios faltantes,"Cliente: Hola. Agente: Hola. Espero que estés teniendo un buen día. Para poder ayudarte mejor, ¿podrías compartir tu nombre y apellido y la empresa de la que llamas? Cliente: Sí, soy Jessica Smith de Mountain Ski Shop. Agente: Gracias, Jessica. ¿En qué puedo ayudarte hoy? Cliente: Recibimos nuestro pedido reciente de guantes ShelledMitts45, pero parece que todos vinieron sin etiquetas de precio. Necesitamos ponerles un precio acorde para nuestra tienda. Agente: Entiendo tu inquietud. Para verificar qué está pasando con tu pedido, me gustaría confirmar si el pedido termina en 30077. Cliente: Sí, ese es el número de pedido correcto. Agente: Muy bien, Jessica. Lamento las molestias. Parece que podría haber habido un error en nuestro proceso de empaquetado. Para ayudar a resolver este problema, podemos enviarte una caja con las etiquetas de precio de los guantes ShelledMitts45 para que puedas colocarlas en tu tienda, o podemos organizar una recogida de los artículos sin etiquetar y enviarte un nuevo envío con las etiquetas de precio adjuntas. ¿Cuál de estas opciones preferirías? Cliente: La primera opción suena bien. Si pudieras enviar las etiquetas de precio, podemos colocarlas nosotros mismos. Agente: Genial, organizaré un envío de las etiquetas de precio de los guantes ShelledMitts45 para que se envíen a tu tienda. Deberías recibirlas en un plazo de 3 a 5 días hábiles. Me disculpo una vez más por las molestias ocasionadas y agradezco tu comprensión. Cliente: No hay problema, ¡gracias por tu ayuda! Agente: De nada. Si tienes más preguntas, no dudes en contactarnos nuevamente. ¡Que tengas un excelente día, Jessica!"
10/27/23,Español,Peru,Mitones con concha45,guantes,etiquetas de precios faltantes,"Cliente: Hola. Agente: ¡Hola! Espero que estés teniendo un buen día. Para poder ayudarte mejor, proporciona tu nombre y apellido, y el nombre de la empresa desde la que llamas. Cliente: Mi nombre es Emma Clarke y llamo de Ski Adventures Unlimited. Agente: Gracias Emma, ¿en qué puedo ayudarte hoy? Cliente: Recientemente recibimos un envío de guantes ShelledMitts45, pero notamos que faltan las etiquetas de precio en todos ellos. Nuestra tienda minorista requiere que las etiquetas de precio estén en todos los productos antes de exhibirlos para la venta. Agente: Entiendo tu inquietud. Déjame verificar los detalles de tu pedido primero. Para confirmar, ¿tu número de pedido es 12641? Cliente: Sí, es correcto. Agente: Lamento las molestias que esto te ha causado. Podemos hacer algunas cosas diferentes para rectificar la situación. Podemos enviar etiquetas de precio de reemplazo dentro de los 3 días hábiles o, si tienes la capacidad de imprimir tus propias etiquetas de precio, podemos enviarte un archivo por correo electrónico con la información correcta de inmediato. ¿Qué opción preferirías? Cliente: Dado que tenemos la capacidad de imprimir etiquetas de precios en nuestra tienda, creo que sería mejor si pudiera enviarnos el archivo. Podemos imprimirlas y colocarlas en los guantes nosotros mismos. Agente: Genial, enviaré el archivo por correo electrónico a la dirección que tenemos registrada para su empresa. No olvide revisar su carpeta de correo no deseado si no lo recibe en los próximos 30 minutos. Avíseme si tiene alguna otra inquietud. Cliente: No, eso debería ser suficiente. ¡Gracias por su ayuda! Agente: ¡De nada, Emma! Que tenga un excelente día y no dude en comunicarse con nosotros si necesita más ayuda."
10/28/23,Español,Peru,Mitones con concha45,guantes,etiquetas de precios faltantes,"Cliente: Hola. Agente: ¡Hola! Espero que estés teniendo un gran día. Para poder ayudarte mejor, ¿podrías compartir tu nombre y apellido y la empresa desde la que llamas? Cliente: Sí, soy Sarah Miller de Alpine Adventures. Agente: Gracias, Sarah. ¿En qué puedo ayudarte hoy? Cliente: Hace poco recibimos un pedido de guantes ShelledMitts45, pero hemos notado que a la mitad de los guantes que recibimos les faltan las etiquetas de precio. Esto es un problema porque las necesitamos para nuestra exhibición de productos. Agente: Entiendo que esto puede ser un problema para tu tienda. Déjame revisar rápidamente los detalles de tu pedido. Solo para confirmar, ¿tu número de pedido es 46674? Cliente: Sí, ese es el número de pedido correcto. Agente: Lamento las molestias ocasionadas, Sarah. Te enviaremos las etiquetas de precio faltantes para los guantes ShelledMitts45. Además, dado que este fue nuestro error, aceleraremos el envío para que recibas las etiquetas dentro de los próximos 2 a 3 días hábiles. ¿Te parece bien? Cliente: Sí, sería genial. Gracias por tu ayuda. Agente: De nada, Sarah. Una vez más, te pedimos disculpas por las molestias y nos aseguraremos de que recibas las etiquetas de precios lo antes posible. Si tienes más preguntas o inquietudes, no dudes en comunicarte con nosotros. ¡Que tengas un excelente día!"
10/28/23,Español,Peru,Mitones con concha45,guantes,etiquetas de precios faltantes,"Cliente: Hola, necesito ayuda con mi pedido de guantes ShelledMitts45. Agente: ¡Hola! Me complace poder ayudar. ¿Podría proporcionarme su nombre y apellido y la empresa de la que llama? Cliente: Soy Sarah Johnson de Winter Wonderland Accessories. Agente: Gracias, Sarah. Por favor, proporcióneme más información sobre el problema que está experimentando con su pedido de guantes. Cliente: Acabamos de recibir nuestro último envío de inventario y notamos que a la mitad de los guantes ShelledMitts45 les faltan las etiquetas de precio. Nuestro número de pedido es 15463. Agente: Me disculpo por las molestias, Sarah. Veo su pedido 15463 aquí en nuestro sistema. Permítame encontrar una solución rápida para usted sobre cómo resolver el problema de la etiqueta de precio faltante. Cliente: Gracias, agradezco su ayuda. Necesitamos exhibir estos guantes lo antes posible, por lo que una resolución rápida sería ideal. Agente: Entiendo que el tiempo es esencial. Como solución, podemos enviarle etiquetas de precio de reemplazo mediante envío exprés, por lo que deberían llegar en 1 o 2 días hábiles. ¿Eso funciona para usted? Cliente: Sí, eso suena genial. Realmente aprecio la respuesta rápida. Agente: ¡De nada, Sarah! Haré los arreglos para que le envíen las etiquetas de precio de reemplazo de inmediato. Una vez que las reciba, simplemente puede colocarlas en los guantes. Si tiene más preguntas o inquietudes, no dude en comunicarse con nosotros. Cliente: Muchas gracias por su ayuda. ¡Que tenga un excelente día! Agente: ¡De nada, Sarah! Que usted también tenga un día fantástico y no dude en comunicarse con nuestro servicio de atención al cliente si necesita más ayuda."
10/28/23,Español,Peru,Mitones con concha45,guantes,etiquetas de precios faltantes,"Cliente: Hola. Agente: Hola. ¡Espero que estés teniendo un gran día! Para poder ayudarte mejor, ¿podrías proporcionarme tu nombre y apellido, así como la empresa desde la que llamas? Cliente: Sí, mi nombre es Jessica Smith y soy del centro de nieve Gravity Slopes. Agente: ¡Gracias, Jessica! ¿En qué puedo ayudarte hoy? Cliente: Recibimos nuestro envío de guantes ShelledMitts45, pero parece que a la mitad de los guantes les faltan las etiquetas de precio. ¿Hay alguna forma de que nos envíes las etiquetas faltantes o deberíamos devolver los artículos? Agente: Entiendo que esto puede ser un inconveniente para tu negocio. Déjame comprobar qué está pasando con tu pedido. Para confirmar, ¿tu pedido es el que termina en 58725? Cliente: Sí, ese es el pedido correcto. Agente: Bien, veo ese pedido ahora. Pido disculpas por el descuido. En lugar de devolver todo el envío, podemos enviarte las etiquetas de precio faltantes para que puedas simplemente colocarlas. Deberían llegar en un plazo de 3 a 5 días hábiles. ¿Te servirá? Cliente: Sí, debería estar bien. Asegúrate de enviar suficientes etiquetas para cubrir todos los guantes sin etiquetas. Gracias por tu ayuda. Agente: Por supuesto, Jessica. Me aseguraré de enviar suficientes etiquetas para cubrir esos guantes. Si tienes más problemas o inquietudes, no dudes en comunicarte conmigo. ¡Que tengas un buen día! Cliente: Tú también, ¡gracias!"
10/26/23,Español,Peru,Mitones con concha45,guantes,etiquetas de precios faltantes,"Cliente: Hola. Agente: Hola. Espero que estés teniendo un día maravilloso. ¿Puedes compartir tu nombre y apellido y el nombre de la empresa desde la que llamas para poder ayudarte mejor? Cliente: Claro, soy Kevin Hunter de Mountain Gear Store. Agente: Gracias, Kevin. ¿En qué puedo ayudarte hoy? Cliente: Acabamos de recibir nuestro pedido de 75 pares de guantes ShelledMitts45, pero ninguno de ellos venía con las etiquetas de precio. Esperábamos ponerlos a la venta de inmediato, pero como les faltan las etiquetas de precio, ha causado algunos inconvenientes. Agente: Entiendo cómo esto puede afectar a tu negocio. Déjame verificar tu pedido primero. Para confirmar, ¿tu pedido es el que termina en 53377? Cliente: Sí, ese es el pedido del que estoy hablando. Agente: Ya veo. Me disculpo por los inconvenientes ocasionados. Podemos enviar las etiquetas de precio para tu pedido de inmediato. El envío estándar suele tardar entre 3 y 5 días hábiles, ¿te parece bien? Cliente: Supongo que eso es mejor que nada. Claro, sigue adelante y envía las etiquetas de precio para los guantes. Agente: Genial, procesaré el envío de las etiquetas de precio para el pedido. Deberías recibirlas en aproximadamente 3 a 5 días hábiles. Si tienes algún problema o alguna pregunta, no dudes en contactarnos. Cliente: Gracias por tu ayuda. Agente: De nada, Kevin. ¡Que tengas un excelente día!"
10/30/23,Español,Peru,Mitones con concha45,guantes,etiquetas de precios faltantes,"Cliente: Hola. Agente: Hola. Espero que estés teniendo un gran día. Para brindarte la mejor asistencia, ¿podrías compartir tu nombre y apellido y el nombre de la empresa desde la que llamas? Cliente: Sí, soy Samantha Travis de Snowy Mountain Adventures. Agente: Gracias, Samantha. ¿Por qué llamas hoy? Cliente: Recientemente hicimos un pedido de 150 pares de guantes ShelledMitts45 en varios tamaños, pero cuando recibimos el envío, a muchos de los guantes les faltaban las etiquetas de precio. Como necesitamos que estos guantes estén exhibidos y listos para la venta lo antes posible, no estamos seguros de qué hacer. Agente: Entiendo que esto puede ser un inconveniente para tu negocio. Déjame verificar los detalles de tu pedido. ¿Tu número de pedido es el que termina en 77654? Cliente: Sí, ese es mi número de pedido. Agente: Gracias por confirmar. Nos disculpamos por el descuido. Lamentablemente, debido a la situación del COVID-19, no podemos enviar nuevas etiquetas de precios por separado, ya que esto puede causar demoras o costos adicionales. Sin embargo, le sugiero que consulte el precio de venta sugerido por el fabricante de nuestro catálogo o nuestro sitio web para crear sus propias etiquetas de precios, si es posible. Alternativamente, puede aplicar descuentos o promociones como crea conveniente. Cliente: Supongo que está bien. Crearemos nuestras propias etiquetas de precios. Solo quería verificar si había otra solución. Gracias por su ayuda. Agente: De nada, Samantha. Agradecemos su comprensión y cooperación. ¡Que tenga un excelente día!"
10/27/23,Español,Peru,Mitones con concha45,guantes,etiquetas de precios faltantes,"Cliente: Hola. Agente: Hola. Espero que estés teniendo un buen día. Para poder ayudarte mejor, ¿podrías proporcionarme tu nombre y apellido y la empresa desde la que llamas? Cliente: Sí, soy Taylor Bailey de Alpine Adventures. Agente: Gracias, Taylor. ¿En qué puedo ayudarte hoy? Cliente: Acabamos de recibir un lote de guantes ShelledMitts45 para nuestra tienda y parece que a la mitad de ellos les faltan las etiquetas de precio. Necesitamos resolver este problema lo antes posible, ya que nuestros clientes están preguntando por estos guantes. Agente: Me disculpo por las molestias que esto te ha causado. Déjame comprobar qué está pasando con tu pedido. Para confirmar, ¿tu pedido es el que termina en 77781? Cliente: Sí, es correcto. Agente: Gracias, Taylor. Entiendo que esto es un pequeño inconveniente, pero tengo una solución para ti. Puedo enviarte por correo electrónico una plantilla para las etiquetas de precio, que puedes imprimir y colocar en los guantes. Esto te permitirá ponerles precio lo más rápido posible. ¿Te funcionaría? Cliente: Parece una buena solución. ¿Cuándo puedo recibir el correo electrónico con la plantilla? Agente: Deberías recibir el correo electrónico en la próxima hora. Revisa tu bandeja de entrada y avísame si no lo recibes o si tienes algún problema. Cliente: Me funciona. Gracias por tu pronta asistencia. Agente: De nada, Taylor. Si tienes más preguntas o inquietudes, no dudes en comunicarte con nosotros. ¡Que tengas un buen día!"
10/31/23,Español,Peru,Mitones con concha45,guantes,etiquetas de precios faltantes,"Cliente: Hola. Agente: Hola. Espero que estés teniendo un gran día. Para brindarte la mayor ayuda posible, ¿podrías compartir tu nombre y apellido y la empresa desde la que llamas? Cliente: Sí, soy Sarah Thompson de Winter Wonderland Ski Lodge. Agente: Gracias, Sarah. ¿En qué puedo ayudarte hoy? Cliente: Acabamos de recibir un envío de guantes ShelledMitts45 y notamos que ninguno de los guantes tiene etiquetas de precio. Esto está causando algunos problemas, ya que necesitamos tenerlos disponibles para la venta lo antes posible. Agente: Entiendo que esto puede ser todo un desafío para ti. Déjame verificar qué sucedió con tu pedido. Para confirmar, ¿tu pedido es el que termina en 70337? Cliente: Sí, es correcto. Agente: Me disculpo por este inconveniente. Me comunicaré con nuestro equipo de producción para comprender por qué faltaban las etiquetas de precio y brindarte una solución lo antes posible. Mientras tanto, puedo enviarte por correo electrónico un archivo PDF con las etiquetas de precio correctas para los guantes que puedes imprimir y adjuntar manualmente hasta que se resuelva el problema. ¿Sería aceptable? Cliente: Eso funcionará por ahora. Envíe el archivo PDF a nuestra dirección de correo electrónico. Agente: He enviado el correo electrónico con las etiquetas de precios en formato PDF. Por favor, compruébelo y avíseme si necesita más ayuda con esta situación. Continuaré investigando el problema con nuestro equipo y nos ocuparemos de evitar este tipo de errores en el futuro. Cliente: Gracias por su ayuda. Agente: De nada, Sarah. Si necesita más ayuda, no dude en contactarnos. ¡Que tenga un buen día!"